id,0,1,2,3,4,5,6,7,8,9,license_plate_text
918.jpg,0,0,0,0,0,0,0,0,0,1,(Te A
1107.jpg,0,0,0,0,0,0,0,0,0,1,"Ga eReT 72), TEREST"
1037.jpg,0,0,0,0,0,0,0,0,0,1,PRER
1036.jpg,0,0,0,0,0,0,0,0,0,1,yee
928.jpg,0,0,0,0,0,0,0,0,0,1,ee
962.jpg,0,0,0,0,0,0,0,0,0,1,"CRE, MRR Rea RD), aioe"
1047.jpg,0,0,0,0,0,0,0,0,0,1,GCL REA yal
1071.jpg,0,0,0,0,0,0,0,0,0,1,"79 3 9778}, —._"
1075.jpg,0,0,0,0,0,0,0,0,0,1,sete PA)
1040.jpg,0,0,0,0,0,0,0,0,0,1,| 96 3 3734 |
1090.jpg,0,0,0,0,0,0,0,0,0,1,B Ki meen: vite
976.jpg,0,0,0,0,0,0,0,0,0,1,(N05453517 |
1055.jpg,0,0,0,0,0,0,0,0,0,1,Vie aay
1081.jpg,0,0,0,0,0,0,0,0,0,1,117 456491 |
1005.jpg,0,0,0,0,0,0,0,0,0,1,"eer, — ="
936.jpg,0,0,0,0,0,0,0,0,0,1,ies che
933.jpg,0,0,0,0,0,0,0,0,0,1,RSE C)
941.jpg,0,0,0,0,0,0,0,0,0,1,Re Weer ey FT =|
975.jpg,0,0,0,0,0,0,0,0,0,1,ELEees
1057.jpg,0,0,0,0,0,0,0,0,0,1,Reeser
1020.jpg,0,0,0,0,0,0,0,0,0,1,Cero
996.jpg,0,0,0,0,0,0,0,0,0,1,"Bikey: 40,"
946.jpg,0,0,0,0,0,0,0,0,0,1,ET
974.jpg,0,0,0,0,0,0,0,0,0,1,EyREAT IEE
981.jpg,0,0,0,0,0,0,0,0,0,1,(aed bee
907.jpg,0,0,0,0,0,0,0,0,0,1,SES a HI
1093.jpg,0,0,0,0,0,0,0,0,0,1,65 5 8600
925.jpg,0,0,0,0,0,0,0,0,0,1,ELEees
945.jpg,0,0,0,0,0,0,0,0,0,1,eee tS
1106.jpg,0,0,0,0,0,0,0,0,0,1,Ete a
1030.jpg,0,0,0,0,0,0,0,0,0,1,/156 3 864 |
999.jpg,0,0,0,0,0,0,0,0,0,1,OReEry
979.jpg,0,0,0,0,0,0,0,0,0,1,EI:
1058.jpg,0,0,0,0,0,0,0,0,0,0,
1049.jpg,0,0,0,0,0,0,0,0,0,1,n\tks fee daic ye ic}
1021.jpg,0,0,0,0,0,0,0,0,0,1,Roster mcs
972.jpg,0,0,0,0,0,0,0,0,0,1,AE
985.jpg,0,0,0,0,0,0,0,0,0,1,CREE) Fa
1102.jpg,0,0,0,0,0,0,0,0,0,1,Rae hss
1031.jpg,0,0,0,0,0,0,0,0,0,1,"GU ReShR: [1a, ovary"
1063.jpg,0,0,0,0,0,0,0,0,0,1,HET
927.jpg,0,0,0,0,0,0,0,0,0,1,Bic eera- yaa
1104.jpg,0,0,0,0,0,0,0,0,0,1,i ee
1033.jpg,0,0,0,0,0,0,0,0,0,1,"CY EEEET), =)"
903.jpg,0,0,0,0,0,0,0,0,0,1,iE
935.jpg,0,0,0,0,0,0,0,0,0,1,"eer za, a"
950.jpg,0,0,0,0,0,0,0,0,0,1,"Pierce, 4"
1070.jpg,0,0,0,0,0,0,0,0,0,1,me
1076.jpg,0,0,0,0,0,0,0,0,0,1,Riis
1038.jpg,0,0,0,0,0,0,0,0,0,1,Ser ee
1019.jpg,0,0,0,0,0,0,0,0,0,1,ier
1113.jpg,0,0,0,0,0,0,0,0,0,1,"Blo teriskck), | 60.972 |"
1092.jpg,0,0,0,0,0,0,0,0,0,1,EEE H
989.jpg,0,0,0,0,0,0,0,0,0,1,EVAR P=
960.jpg,0,0,0,0,0,0,0,0,0,1,SERS
948.jpg,0,0,0,0,0,0,0,0,0,1,Msg
954.jpg,0,0,0,0,0,0,0,0,0,1,"RI, “ry"
908.jpg,0,0,0,0,0,0,0,0,0,1,"EGRET iATA, AVATAR a, =)"
906.jpg,0,0,0,0,0,0,0,0,0,1,“prpose7eo
1112.jpg,0,0,0,0,0,0,0,0,0,1,Beye bee
1068.jpg,0,0,0,0,0,0,0,0,0,1,(AAS Lea ahs}
1100.jpg,0,0,0,0,0,0,0,0,0,1,feeeseeee)
938.jpg,0,0,0,0,0,0,0,0,0,1,TR
1088.jpg,0,0,0,0,0,0,0,0,0,1,CVA Te
1054.jpg,0,0,0,0,0,0,0,0,0,1,"REPO eee, oer"
970.jpg,0,0,0,0,0,0,0,0,0,1,"ARSE, me"
914.jpg,0,0,0,0,0,0,0,0,0,1,ere yy
932.jpg,0,0,0,0,0,0,0,0,0,1,SEER
1045.jpg,0,0,0,0,0,0,0,0,0,1,CLAY EY
1103.jpg,0,0,0,0,0,0,0,0,0,1,GET ete)
1077.jpg,0,0,0,0,0,0,0,0,0,1,AU eeceel ee
943.jpg,0,0,0,0,0,0,0,0,0,1,cysts
913.jpg,0,0,0,0,0,0,0,0,0,1,CURE
1018.jpg,0,0,0,0,0,0,0,0,0,1,eI
1017.jpg,0,0,0,0,0,0,0,0,0,1,WYP)
1046.jpg,0,0,0,0,0,0,0,0,0,1,WORReZa
1039.jpg,0,0,0,0,0,0,0,0,0,1,RRS e
1000.jpg,0,0,0,0,0,0,0,0,0,1,REY K)
1015.jpg,0,0,0,0,0,0,0,0,0,1,"ale ese, -_"
923.jpg,0,0,0,0,0,0,0,0,0,1,i £m ee Le a
969.jpg,0,0,0,0,0,0,0,0,0,1,are
1001.jpg,0,0,0,0,0,0,0,0,0,1,BYARE ay
1082.jpg,0,0,0,0,0,0,0,0,0,1,thks.)
922.jpg,0,0,0,0,0,0,0,0,0,1,RSE
1073.jpg,0,0,0,0,0,0,0,0,0,1,Rave
956.jpg,0,0,0,0,0,0,0,0,0,1,WER Meee)
1052.jpg,0,0,0,0,0,0,0,0,0,1,"ERSTE, Sa"
915.jpg,0,0,0,0,0,0,0,0,0,1,bik RREaa Ve
1060.jpg,0,0,0,0,0,0,0,0,0,1,yarn A
1111.jpg,0,0,0,0,0,0,0,0,0,1,Tei ie
963.jpg,0,0,0,0,0,0,0,0,0,1,ee
1007.jpg,0,0,0,0,0,0,0,0,0,1,een
1056.jpg,0,0,0,0,0,0,0,0,0,1,"Elysees, th"
901.jpg,0,0,0,0,0,0,0,0,0,1,"ran se, ,"
1035.jpg,0,0,0,0,0,0,0,0,0,1,1116-73668)
924.jpg,0,0,0,0,0,0,0,0,0,1,whee
904.jpg,0,0,0,0,0,0,0,0,0,1,peice Y
1051.jpg,0,0,0,0,0,0,0,0,0,1,ae ee ke
1013.jpg,0,0,0,0,0,0,0,0,0,1,7059 86L 8)
995.jpg,0,0,0,0,0,0,0,0,0,1,"iy, te"
1004.jpg,0,0,0,0,0,0,0,0,0,1,Vira
944.jpg,0,0,0,0,0,0,0,0,0,1,Ue Ty
926.jpg,0,0,0,0,0,0,0,0,0,1,EL RSaKLA
1067.jpg,0,0,0,0,0,0,0,0,0,1,"Gea) ey, ="
1010.jpg,0,0,0,0,0,0,0,0,0,1,See
1011.jpg,0,0,0,0,0,0,0,0,0,1,Bae
977.jpg,0,0,0,0,0,0,0,0,0,1,Wee
1053.jpg,0,0,0,0,0,0,0,0,0,1,RSE C)
990.jpg,0,0,0,0,0,0,0,0,0,1,GREEK]
1002.jpg,0,0,0,0,0,0,0,0,0,1,ieee
919.jpg,0,0,0,0,0,0,0,0,0,1,BW 19236756 iis
959.jpg,0,0,0,0,0,0,0,0,0,1,160594044)
982.jpg,0,0,0,0,0,0,0,0,0,1,eae 7
917.jpg,0,0,0,0,0,0,0,0,0,1,SORE TH
1078.jpg,0,0,0,0,0,0,0,0,0,1,BVaneea se
1084.jpg,0,0,0,0,0,0,0,0,0,1,Ried
1022.jpg,0,0,0,0,0,0,0,0,0,1,MEA ROEER Id
971.jpg,0,0,0,0,0,0,0,0,0,1,121 9 237 |
951.jpg,0,0,0,0,0,0,0,0,0,1,pa ESE Y2A0)
1096.jpg,0,0,0,0,0,0,0,0,0,1,MRE
978.jpg,0,0,0,0,0,0,0,0,0,1,[83 o¥ 1812]
1101.jpg,0,0,0,0,0,0,0,0,0,1,FURRTITE
1032.jpg,0,0,0,0,0,0,0,0,0,1,ae
968.jpg,0,0,0,0,0,0,0,0,0,1,"Pee ea, ae"
1043.jpg,0,0,0,0,0,0,0,0,0,1,Reeser
1008.jpg,0,0,0,0,0,0,0,0,0,1,i Ae: aT
1042.jpg,0,0,0,0,0,0,0,0,0,1,GR eel nea
1083.jpg,0,0,0,0,0,0,0,0,0,1,MAW x-fi}
1098.jpg,0,0,0,0,0,0,0,0,0,1,ee
1034.jpg,0,0,0,0,0,0,0,0,0,1,| 1190232123 |
940.jpg,0,0,0,0,0,0,0,0,0,1,a em AED
1026.jpg,0,0,0,0,0,0,0,0,0,1,Bie
987.jpg,0,0,0,0,0,0,0,0,0,1,[135 29 4716]
1064.jpg,0,0,0,0,0,0,0,0,0,1,127499295 |
988.jpg,0,0,0,0,0,0,0,0,0,1,Kier ele
1012.jpg,0,0,0,0,0,0,0,0,0,1,Rime ety
1074.jpg,0,0,0,0,0,0,0,0,0,1,"ay, z"
911.jpg,0,0,0,0,0,0,0,0,0,1,Dir
964.jpg,0,0,0,0,0,0,0,0,0,1,"are, bata ol"
909.jpg,0,0,0,0,0,0,0,0,0,1,ea ye
921.jpg,0,0,0,0,0,0,0,0,0,1,"159 049 5567}, TET, Ee, ite"
1062.jpg,0,0,0,0,0,0,0,0,0,1,119 345 6926 |
1095.jpg,0,0,0,0,0,0,0,0,0,1,(SRT
949.jpg,0,0,0,0,0,0,0,0,0,1,aay Er
1050.jpg,0,0,0,0,0,0,0,0,0,1,By. oermr t/t
1091.jpg,0,0,0,0,0,0,0,0,0,0,
994.jpg,0,0,0,0,0,0,0,0,0,1,ie k
1065.jpg,0,0,0,0,0,0,0,0,0,1,Wh Meera TA
953.jpg,0,0,0,0,0,0,0,0,0,1,Cee aa
957.jpg,0,0,0,0,0,0,0,0,0,0,
1014.jpg,0,0,0,0,0,0,0,0,0,1,(LES EEY
1089.jpg,0,0,0,0,0,0,0,0,0,1,Nyda ents] 72
1028.jpg,0,0,0,0,0,0,0,0,0,1,LL PRE]
1108.jpg,0,0,0,0,0,0,0,0,0,1,"\ 67 9 504 |, Cert"
929.jpg,0,0,0,0,0,0,0,0,0,1,cee
1087.jpg,0,0,0,0,0,0,0,0,0,1,BhtEca she
1099.jpg,0,0,0,0,0,0,0,0,0,1,AOAC AA
942.jpg,0,0,0,0,0,0,0,0,0,1,"(1616253747,"
1059.jpg,0,0,0,0,0,0,0,0,0,1,CREA)
1061.jpg,0,0,0,0,0,0,0,0,0,1,Rese
1048.jpg,0,0,0,0,0,0,0,0,0,1,ALE Ee
1003.jpg,0,0,0,0,0,0,0,0,0,1,Reet ey
984.jpg,0,0,0,0,0,0,0,0,0,1,me
1069.jpg,0,0,0,0,0,0,0,0,0,1,ee
1029.jpg,0,0,0,0,0,0,0,0,0,1,\145 23.1093 |
1080.jpg,0,0,0,0,0,0,0,0,0,1,BEVeZEi ya
902.jpg,0,0,0,0,0,0,0,0,0,1,tea
1066.jpg,0,0,0,0,0,0,0,0,0,1,me
1023.jpg,0,0,0,0,0,0,0,0,0,1,aT
958.jpg,0,0,0,0,0,0,0,0,0,1,See
947.jpg,0,0,0,0,0,0,0,0,0,1,"M2359 1767), J"
1109.jpg,0,0,0,0,0,0,0,0,0,1,EYRE RTs
937.jpg,0,0,0,0,0,0,0,0,0,1,aL
983.jpg,0,0,0,0,0,0,0,0,0,1,EEERS1EI
973.jpg,0,0,0,0,0,0,0,0,0,1,Riper 9
955.jpg,0,0,0,0,0,0,0,0,0,1,Eiryaeca- ake
1072.jpg,0,0,0,0,0,0,0,0,0,1,GpLaera yes: 1-5)
931.jpg,0,0,0,0,0,0,0,0,0,1,Peer a ene
1044.jpg,0,0,0,0,0,0,0,0,0,1,I mee rly)
905.jpg,0,0,0,0,0,0,0,0,0,1,120--78917|
1110.jpg,0,0,0,0,0,0,0,0,0,1,aL A eae
920.jpg,0,0,0,0,0,0,0,0,0,1,Cesk)
1041.jpg,0,0,0,0,0,0,0,0,0,1,TESTS)
1025.jpg,0,0,0,0,0,0,0,0,0,1,152 9 9438]
1086.jpg,0,0,0,0,0,0,0,0,0,1,"(72 #5043 |, se"
912.jpg,0,0,0,0,0,0,0,0,0,1,oes
986.jpg,0,0,0,0,0,0,0,0,0,1,"acne, eee"
1024.jpg,0,0,0,0,0,0,0,0,0,1,ees
966.jpg,0,0,0,0,0,0,0,0,0,1,CELE
1027.jpg,0,0,0,0,0,0,0,0,0,1,Geer
961.jpg,0,0,0,0,0,0,0,0,0,1,By Reem PPyy
997.jpg,0,0,0,0,0,0,0,0,0,1,ry
1016.jpg,0,0,0,0,0,0,0,0,0,1,"[Very, eo"
993.jpg,0,0,0,0,0,0,0,0,0,1,ue e9
930.jpg,0,0,0,0,0,0,0,0,0,1,EyREAT IEE
991.jpg,0,0,0,0,0,0,0,0,0,1,Rec Tse
967.jpg,0,0,0,0,0,0,0,0,0,1,Reepea
965.jpg,0,0,0,0,0,0,0,0,0,1,"BE ste, Se ol"
1085.jpg,0,0,0,0,0,0,0,0,0,1,EVP TPy
910.jpg,0,0,0,0,0,0,0,0,0,1,Pore
1009.jpg,0,0,0,0,0,0,0,0,0,1,"[ 2451398 |, Ata"
1079.jpg,0,0,0,0,0,0,0,0,0,1,Eee
998.jpg,0,0,0,0,0,0,0,0,0,1,ae 15
952.jpg,0,0,0,0,0,0,0,0,0,1,VERSELYE)
939.jpg,0,0,0,0,0,0,0,0,0,1,Rene
1006.jpg,0,0,0,0,0,0,0,0,0,1,SCUeeyiy
1105.jpg,0,0,0,0,0,0,0,0,0,1,Grea
1094.jpg,0,0,0,0,0,0,0,0,0,1,Gpajenti-10)s1)
934.jpg,0,0,0,0,0,0,0,0,0,1,ee
992.jpg,0,0,0,0,0,0,0,0,0,1,REE
